polling_unit_code,state_name,lga_name,ward_name,unit_name,doc_id,slug,image_file,registered_num,accredited_num,accredit_mark,APC,PDP,LP,NNPP,total_use,presiding_officer_name_present,presiding_officer_signature_present,polling_agent_signature_present,black_stamp
01/02/04/027,ABIA,ABA SOUTH,NGWA,NGWA-UGO COMMERCIAL COLLEGE I,24809435,01_02_04_027_crop,01_02_04_027_24809435.png,1208.0,154.0,154.0,0.0,3.0,151.0,0.0,158.0,,,,
01/02/10/020,ABIA,ABA SOUTH,MOSQUE,MOSQUE NNEWI YOUTH HALL I,24809547,01_02_10_020_crop,01_02_10_020_24809547.png,389.0,55.0,55.0,0.0,1.0,52.0,1.0,55.0,,,,
01/01/06/003,ABIA,ABA NORTH,URATTA,URATTA COUNCIL HALL  - HALL PREMISES III,24807508,01_01_06_003_crop,01_01_06_003_24807508.png,750.0,78.0,78.0,0.0,0.0,76.0,0.0,78.0,,,,
01/13/05/010,ABIA,UKWA EAST,AKWETE,UHUOBU VILLAGE SQUARE,24808586,01_13_05_010_crop,01_13_05_010_24808586.png,428.0,111.0,111.0,1.0,19.0,146.0,0.0,170.0,,,,
01/10/04/019,ABIA,OHAFIA,NDI ETITI NKPORO,"ELEBE NDI NYOM AMAOKWE, VILLAGE OBUOFIA",24810235,01_10_04_019_crop,01_10_04_019_24810235.png,78.0,39.0,39.0,0.0,2.0,29.0,0.0,35.0,,,,
01/05/01/007,ABIA,IKWUANO,OLOKO I,MBARAMA OKPU OLOKO - OKPU OLOKO,24809682,01_05_01_007_crop,01_05_01_007_24809682.png,413.0,81.0,81.0,0.0,22.0,55.0,0.0,81.0,,,,
01/15/03/032,ABIA,UMUAHIA NORTH,NDUME,"OBIOKPULA VILLAGE SQUARE, IHIE",24809091,01_15_03_032_crop,01_15_03_032_24809091.png,66.0,44.0,44.0,0.0,2.0,40.0,0.0,42.0,,,,
01/16/10/018,ABIA,UMUAHIA  SOUTH,UBAKALA  'B',NSUKWE TOWN HALL NSUKWE,24810653,01_16_10_018_crop,01_16_10_018_24810653.png,179.0,96.0,96.0,0.0,0.0,0.0,0.0,,,,,
01/06/08/006,ABIA,ISIALA NGWA NORTH,AMAPU NTIGHA,UMUALATA - VILLAGE SQUARE UMUALATA,24807318,01_06_08_006_crop,01_06_08_006_24807318.png,1154.0,163.0,163.0,1.0,13.0,142.0,1.0,160.0,,,,
02/02/10/014,ADAMAWA,FUFORE,WURO BOKKI,BILACHI DISPENSARY,24813266,02_02_10_014_crop,02_02_10_014_24813266.png,544.0,136.0,136.0,13.0,191.0,22.0,0.0,227.0,1.0,1.0,1.0,0
02/13/05/006,ADAMAWA,MICHIKA,MADZI,YAMBULE / YAMBULE PRI. SCH. I,24812605,02_13_05_006_crop,02_13_05_006_24812605.png,750.0,303.0,303.0,0.0,0.0,0.0,0.0,,1.0,1.0,1.0,0
02/01/08/020,ADAMAWA,DEMSA,KPASHAM,KALTANGA,24811398,02_01_08_020_crop,02_01_08_020_24811398.png,198.0,160.0,160.0,8.0,76.0,56.0,4.0,147.0,,,,
02/14/06/012,ADAMAWA,MUBI NORTH,MAYO BANI,TAPPARE PRI. SCH./ TAPPARE,24812221,02_14_06_012_crop,02_14_06_012_24812221.png,322.0,127.0,127.0,0.0,28.0,94.0,4.0,126.0,,,,
02/15/03/001,ADAMAWA,MUBI SOUTH,GELLA,LUMORE/ NEAR VIEWING CENTRE GELLA,24813004,02_15_03_001_crop,02_15_03_001_24813004.png,750.0,0.0,,94.0,142.0,3.0,2.0,259.0,,,,
02/18/05/003,ADAMAWA,SONG,KILANGE HIRNA,GELEDI,24814929,02_18_05_003_crop,02_18_05_003_24814929.png,729.0,293.0,293.0,134.0,139.0,0.0,1.0,279.0,,,,
02/06/05/007,ADAMAWA,GUYUK,DUKUL,KANGIMA TSWINTHIRE PRY. SCH.,24811319,02_06_05_007_crop,02_06_05_007_24811319.png,598.0,214.0,214.0,29.0,88.0,93.0,0.0,214.0,0.0,1.0,1.0,1
02/16/06/012,ADAMAWA,NUMAN,NUMAN I,BAMTATO II,24814494,02_16_06_012_crop,02_16_06_012_24814494.png,49.0,37.0,37.0,3.0,9.0,24.0,0.0,36.0,,,,
02/05/06/009,ADAMAWA,GOMBI,GOMBI SOUTH,UNG. JAURO MUSA/ KOFAR JAURO MUSA I,24813329,02_05_06_009_crop,02_05_06_009_24813329.png,750.0,220.0,220.0,75.0,134.0,4.0,1.0,216.0,,,,
03/23/03/002,AKWA IBOM,OKOBO,NUNG ATAI/UBE 1,"VILLAGE SQUARE, EBIGHI EDU",24819023,03_23_03_002_crop,03_23_03_002_24819023.png,440.0,105.0,105.0,31.0,50.0,19.0,0.0,104.0,,,,
03/18/08/008,AKWA IBOM,MKPAT ENIN,IKPA IBOM 1V,"VILLAGE SQUARE, ATA IBOTIO",24820996,03_18_08_008_crop,03_18_08_008_24820996.png,698.0,166.0,166.0,14.0,106.0,36.0,2.0,161.0,,,,
03/14/05/007,AKWA IBOM,IKOT EKPENE,IKOT EKPENE V,MIN. OF WORKS GATE,24818472,03_14_05_007_crop,03_14_05_007_24818472.png,924.0,279.0,279.0,110.0,29.0,123.0,2.0,268.0,,,,
03/18/08/006,AKWA IBOM,MKPAT ENIN,IKPA IBOM 1V,"PRY SCH, NDON IBOTIO I",24820998,03_18_08_006_crop,03_18_08_006_24820998.png,604.0,165.0,165.0,11.0,48.0,101.0,0.0,165.0,,,,
03/23/05/005,AKWA IBOM,OKOBO,AKAI/MBUKPO/UDUNG,"VILLAGE SQUARE, UDUNG UKPONG",24818971,03_23_05_005_crop,03_23_05_005_24818971.png,685.0,130.0,130.0,57.0,28.0,9.0,0.0,100.0,,,,
03/14/07/019,AKWA IBOM,IKOT EKPENE,IKOT EKPENE V11,"VILLAGE HALL, IKOT ESE ENANG",24818421,03_14_07_019_crop,03_14_07_019_24818421.png,171.0,128.0,128.0,34.0,42.0,24.0,2.0,,,,,
03/07/01/018,AKWA IBOM,ETINAN,ETINAN URBAN 1,"SLAWD PETERS TECH. SCH. II, UYO ROAD, ETINAN",24818058,03_07_01_018_crop,03_07_01_018_24818058.png,113.0,74.0,74.0,28.0,31.0,11.0,0.0,72.0,,,,
03/10/07/012,AKWA IBOM,IBIONO IBOM,IBIONO NORTHERN 1,"VILLAGE HALL, IKOT UBO MBIABONG",24820213,03_10_07_012_crop,03_10_07_012_24820213.png,507.0,145.0,145.0,12.0,49.0,59.0,0.0,,,,,
03/28/10/007,AKWA IBOM,UKANAFUN,"SOUTHERN AFAHA, ADAT IFANG 111","VILLAGE HALL, ABAT AFAHA OBO",24820531,03_28_10_007_crop,03_28_10_007_24820531.png,182.0,146.0,146.0,57.0,69.0,7.0,7.0,140.0,,,,
04/05/07/002,ANAMBRA,ANAOCHA,AGULU  I,AGUNKWO PRY. SCHOOL II,24826018,vm_04_05_07_002_crop,04_05_07_002_24826018.png,202.0,72.0,72.0,1.0,0.0,71.0,0.0,,,,,
04/20/09/002,ANAMBRA,ORUMBA  SOUTH,UMUCHUKWU,"ARUIKPA SQUARE, UMUCHUKWU",24828344,04_20_09_002_crop,04_20_09_002_24828344.png,215.0,86.0,86.0,0.0,0.0,81.0,0.0,85.0,,,,
04/16/09/022,ANAMBRA,OGBARU,OKPOKO I,OGBARU MAIN MARKET FIRST GATE,24827629,04_16_09_022_crop,04_16_09_022_24827629.png,60.0,24.0,24.0,0.0,0.0,24.0,0.0,24.0,,,,
04/19/08/004,ANAMBRA,ORUMBA NORTH,NANKA  I,ETTI VILLAGE HALL I,24826861,04_19_08_004_crop,04_19_08_004_24826861.png,730.0,278.0,278.0,0.0,0.0,0.0,0.0,7.0,,,,
04/06/05/006,ANAMBRA,AWKA NORTH,AMANUKE,C/S AMANUKE II,24823826,04_06_05_006_crop,04_06_05_006_24823826.png,413.0,125.0,125.0,0.0,5.0,114.0,0.0,124.0,0.0,0.0,1.0,0
04/16/08/012,ANAMBRA,OGBARU,OGWU-IKPELE,UMUAKA/OFUFE,24827581,04_16_08_012_crop,04_16_08_012_24827581.png,105.0,34.0,34.0,0.0,0.0,33.0,0.0,34.0,1.0,1.0,1.0,0
04/04/04/018,ANAMBRA,ANAMBRA WEST,OLUMBANASA - ODE,AJAGU MIGRANT FISHERMEN PRIMARY SCHOOL,24826357,04_04_04_018_crop,04_04_04_018_24826357.png,100.0,50.0,50.0,0.0,0.0,48.0,0.0,50.0,,,,
04/05/03/008,ANAMBRA,ANAOCHA,ADAZI ENU  I,UMUABU VILLAGE HALL II,24826141,04_05_03_008_crop,04_05_03_008_24826141.png,277.0,82.0,82.0,0.0,1.0,80.0,0.0,82.0,,,,
04/15/19/024,ANAMBRA,NNEWI SOUTH,UNUBI,PROGRESS CLUB HALL I,24825807,04_15_19_024_crop,04_15_19_024_24825807.png,195.0,50.0,50.0,0.0,0.0,47.0,0.0,49.0,,,,
04/16/14/059,ANAMBRA,OGBARU,OKPOKO VI,OPEN SPACE BY OBI STREET JUNCTION,24827698,04_16_14_059_crop,04_16_14_059_24827698.png,128.0,101.0,101.0,0.0,0.0,0.0,0.0,,,,,
05/12/05/013,BAUCHI,KATAGUM,BUSKURI,"SALERI,    KOFAR JAURO",24836118,05_12_05_013_crop,05_12_05_013_24836118.png,555.0,110.0,110.0,47.0,37.0,1.0,9.0,94.0,,,,
05/15/04/003,BAUCHI,NINGI,JANGU,"ARI  I,  DISTRICT OFFICE",24836477,05_15_04_003_crop,05_15_04_003_24836477.png,748.0,311.0,311.0,127.0,159.0,0.0,20.0,307.0,,,,
05/02/06/019,BAUCHI,BAUCHI,DANDANGO/YAMRAT,"LEKKA PRIMARY SCHOOL, LEKKA PRIMARY SCHOOL",24836629,05_02_06_019_crop,05_02_06_019_24836629.png,510.0,235.0,235.0,100.0,118.0,0.0,2.0,215.0,1.0,1.0,1.0,0
05/02/04/009,BAUCHI,BAUCHI,ZUNGUR/LIMAN  KATAGUM,"BOR, BOR",24837120,05_02_04_009_crop,05_02_04_009_24837120.png,258.0,127.0,127.0,46.0,78.0,0.0,0.0,127.0,,,,
05/07/06/010,BAUCHI,GAMAWA,TUMBI,"KIRIKASOSUWA, PRIMARY SCHOOL II",24835181,05_07_06_010_crop,05_07_06_010_24835181.png,374.0,117.0,117.0,53.0,52.0,0.0,5.0,112.0,,,,
05/15/06/017,BAUCHI,NINGI,KUDU / YAMMA,"JIMI  II,   JIMI PRIMARY SCHOOL",24836289,05_15_06_017_crop,05_15_06_017_24836289.png,788.0,170.0,170.0,87.0,60.0,0.0,12.0,,,,,
05/19/05/011,BAUCHI,WARJI,GABANGA,"KOFAR KANAWA  III,   KOFAR KANAWA DISPENSARY",24838142,05_19_05_011_crop,05_19_05_011_24838142.png,449.0,181.0,181.0,38.0,134.0,0.0,7.0,181.0,,,,
05/05/07/016,BAUCHI,DARAZO,LANZAI,"NAHUTA MAISAJE,  KOFAR  M/UNGUWA",24837603,05_05_07_016_crop,05_05_07_016_24837603.png,274.0,64.0,64.0,23.0,27.0,0.0,1.0,53.0,,,,
05/02/02/030,BAUCHI,BAUCHI,MAJIDADI 'B',"K/SHEHU JARUMI, K/SHEHU JARUMI",24837024,05_02_02_030_crop,05_02_02_030_24837024.png,784.0,268.0,268.0,86.0,150.0,0.0,7.0,251.0,,,,
05/09/05/025,BAUCHI,GIADE,GIADE,SENEGAL PRIMARY SCHOOL,24835148,05_09_05_025_crop,05_09_05_025_24835148.png,354.0,223.0,223.0,0.0,0.0,0.0,0.0,0.0,,,,
06/01/10/008,BAYELSA,BRASS,SANGANA,KIANI - BIRI OPEN SPACE,24840158,06_01_10_008_crop,06_01_10_008_24840158.png,1107.0,122.0,122.0,11.0,96.0,13.0,0.0,,,,,
06/02/12/020,BAYELSA,EKEREMOR,EDUWINI II,CENSETEBE SQUARE,24841193,06_02_12_020_crop,06_02_12_020_24841193.png,603.0,63.0,63.0,5.0,46.0,8.0,1.0,61.0,,,,
06/03/08/004,BAYELSA,KOLOKUMA/OPOKUMA,OPOKUMASOUTH,SIKI GBENE TOWN HALL,24841768,06_03_08_004_crop,06_03_08_004_24841768.png,239.0,85.0,85.0,11.0,61.0,11.0,0.0,83.0,,,,
06/07/09/013,BAYELSA,SOUTHERN IJAW,AMASSOMA  I,EBIEDE COMM. SQUARE,24840670,vm_06_07_09_013_crop,06_07_09_013_24840670.png,365.0,94.0,94.0,9.0,25.0,40.0,0.0,87.0,,,,
06/07/04/005,BAYELSA,SOUTHERN IJAW,OLODIAMA  II,AKPOKOWARI OPEN SPACE,24840876,06_07_04_005_crop,06_07_04_005_24840876.png,616.0,0.0,0.0,52.0,17.0,10.0,0.0,79.0,,,,
06/07/02/007,BAYELSA,SOUTHERN IJAW,OPOROMA   II,AGUO OPEN SPACE,24840838,06_07_02_007_crop,06_07_02_007_24840838.png,236.0,88.0,88.0,17.0,25.0,41.0,0.0,,,,,
06/07/05/003,BAYELSA,SOUTHERN IJAW,OTUAN,OROUSUODEI POLO OPEN SPACE,24840844,06_07_05_003_crop,06_07_05_003_24840844.png,247.0,103.0,103.0,30.0,63.0,6.0,0.0,99.0,,,,
06/05/02/020,BAYELSA,OGBIA,OTUOKPOTI,STATE SCHOOL (PRIMARY)-OTUOKPOTI,24841461,06_05_02_020_crop,06_05_02_020_24841461.png,629.0,158.0,158.0,100.0,17.0,23.0,0.0,142.0,,,,
06/04/05/009,BAYELSA,NEMBE,BASSAMBIRI 11,IGBEBELEU POLO/DERRI SQUARE,24841713,06_04_05_009_crop,06_04_05_009_24841713.png,560.0,75.0,75.0,39.0,7.0,24.0,0.0,72.0,,,,
06/08/09/001,BAYELSA,YENAGOA,GBARAIN III,AGWE OPEN SPACE,24840330,06_08_09_001_crop,06_08_09_001_24840330.png,503.0,209.0,209.0,46.0,89.0,54.0,0.0,197.0,,,,
07/09/04/014,BENUE,KATSINA-ALA,KATSINA-ALA TOWN,IORNENGE ADI/NEAR IORNENGE ADI COMPOUND,24842559,07_09_04_014_crop,07_09_04_014_24842559.png,485.0,157.0,157.0,93.0,38.0,11.0,0.0,,,,,
07/16/08/007,BENUE,OJU,OKPOKPO,IGWE OMACHI - PLAY GROUND,24846026,07_16_08_007_crop,07_16_08_007_24846026.png,362.0,72.0,72.0,1.0,3.0,68.0,0.0,72.0,,,,
07/21/05/015,BENUE,UKUM,KENDEV,"NKST. SCHOOL, NGIRA VILLAGE/NGIRA VILLAGE SETTLEMENT - SCHOOL",24845312,07_21_05_015_crop,07_21_05_015_24845312.png,683.0,213.0,213.0,80.0,89.0,23.0,0.0,194.0,,,,
07/23/09/009,BENUE,VANDEIKYA,NINGEV,"LGEA SCHOOL, PREMISES TYOKASE",24844203,07_23_09_009_crop,07_23_09_009_24844203.png,513.0,146.0,146.0,126.0,13.0,2.0,0.0,144.0,,,,
07/10/09/025,BENUE,KONSHISHA,MBAWAR,AGERA PRIM. SCH. AGBO,24845767,07_10_09_025_crop,07_10_09_025_24845767.png,88.0,0.0,0.0,0.0,0.0,50.0,0.0,50.0,,,,
07/12/03/019,BENUE,LOGO,MBATER,AGANDI VILLAGE SQUARE,24843891,07_12_03_019_crop,07_12_03_019_24843891.png,143.0,113.0,113.0,45.0,63.0,3.0,0.0,112.0,,,,
07/13/06/067,BENUE,MAKURDI,FIIDI,JUDGES QUARTERS EXTENSION OPEN SPACE OPPOSITE VIA CHRISTI SOCIETY,24843227,07_13_06_067_crop,07_13_06_067_24843227.png,750.0,329.0,329.0,96.0,4.0,206.0,0.0,320.0,,,,
07/03/01/010,BENUE,APA,AKPETE/OJANTELLE,OJANTALLE NEW MARKET SQUARE,24845084,07_03_01_010_crop,07_03_01_010_24845084.png,85.0,32.0,32.0,4.0,3.0,16.0,0.0,27.0,,,,
07/09/01/008,BENUE,KATSINA-ALA,IKURAV TIEV I,AYUA MARKET II/AYUA MARKET SQUARE,24842416,07_09_01_008_crop,07_09_01_008_24842416.png,922.0,162.0,162.0,120.0,25.0,11.0,0.0,163.0,,,,
08/13/08/003,BORNO,JERE,NGUDAA/ADDAMARI,BULAMA YARO  III,24847848,08_13_08_003_crop,08_13_08_003_24847848.png,451.0,165.0,165.0,75.0,85.0,0.0,1.0,165.0,,,,
08/16/07/012,BORNO,KONDUGA,KONDUGA,MANDURARI PRI. SCH.  II,24851128,08_16_07_012_crop,08_16_07_012_24851128.png,641.0,119.0,119.0,,,,,,0.0,1.0,1.0,1
08/21/13/127,BORNO,MAIDUGURI M. C.,MAISANDARI,MUSTAPHA TELA,24850169,08_21_13_127_crop,08_21_13_127_24850169.png,5.0,3.0,3.0,0.0,1.0,0.0,3.0,3.0,,,,
08/21/03/026,BORNO,MAIDUGURI M. C.,BULABLIN,ALH MODU GANA,24850449,08_21_03_026_crop,08_21_03_026_24850449.png,440.0,93.0,93.0,68.0,17.0,0.0,0.0,87.0,,,,
08/13/09/016,BORNO,JERE,OLD MAIDUGURI,ALHAJI TAHIR AHMED I,24847990,08_13_09_016_crop,08_13_09_016_24847990.png,825.0,153.0,153.0,51.0,78.0,1.0,10.0,143.0,,,,
08/07/07/006,BORNO,DAMBOA,KAFA / MAFI,BUK,24847319,08_07_07_006_crop,08_07_07_006_24847319.png,751.0,182.0,182.0,93.0,37.0,0.0,0.0,134.0,,,,
08/03/11/021,BORNO,BAMA,SHEHURI / HAUSARI / MAIRI,ABUJA POLICE BARRACKS,24849686,08_03_11_021_crop,08_03_11_021_24849686.png,812.0,131.0,131.0,44.0,80.0,0.0,0.0,130.0,1.0,1.0,1.0,0
08/24/03/003,BORNO,MONGUNO,KUMALIA,CHIRCHIRA,24848729,08_24_03_003_crop,08_24_03_003_24848729.png,545.0,125.0,125.0,86.0,18.0,0.0,0.0,109.0,1.0,1.0,1.0,0
08/11/09/024,BORNO,GWOZA,JOHODE/CHIKIDE/KUGHUM,CHIKIDA PRI. SCH.  II,24851377,08_11_09_024_crop,08_11_09_024_24851377.png,527.0,21.0,21.0,7.0,10.0,0.0,1.0,19.0,,,,
09/15/06/011,CROSS RIVER,ODUKPANI,ENIONG,"VILLAGE SQUARE, IKOT UDIA",24854949,09_15_06_011_crop,09_15_06_011_24854949.png,215.0,65.0,65.0,31.0,18.0,3.0,0.0,53.0,1.0,1.0,1.0,0
09/03/06/008,CROSS RIVER,AKPABUYO,IKANG NORTH,PLAYGROUND ESUK OKON,24855507,09_03_06_008_crop,09_03_06_008_24855507.png,238.0,97.0,97.0,56.0,20.0,11.0,0.0,88.0,,,,
09/16/01/006,CROSS RIVER,OGOJA,EKAJUK I,PRIMARY SCHOOL MFOM I,24855953,09_16_01_006_crop,09_16_01_006_24855953.png,750.0,235.0,235.0,67.0,100.0,51.0,0.0,220.0,,,,
09/14/01/006,CROSS RIVER,OBUDU,ALEGE/UBANG,ABUASU PLAYGROUND,24854373,09_14_01_006_crop,09_14_01_006_24854373.png,659.0,179.0,179.0,97.0,30.0,33.0,0.0,,,,,
09/08/01/026,CROSS RIVER,CALABAR MUNICIPALITY,ONE,GOVT PRY SCH AKIM,24853625,09_08_01_026_crop,09_08_01_026_24853625.png,750.0,206.0,206.0,10.0,8.0,170.0,0.0,191.0,,,,
09/16/01/002,CROSS RIVER,OGOJA,EKAJUK I,"PLAYGROUND, BANSARA",24855939,09_16_01_002_crop,09_16_01_002_24855939.png,770.0,215.0,215.0,83.0,69.0,54.0,1.0,208.0,,,,
09/14/08/007,CROSS RIVER,OBUDU,UTUGWANG CENTRAL,NEAR CHIEF OKPAM'S FRONTAGE,24854399,09_14_08_007_crop,09_14_08_007_24854399.png,1069.0,151.0,151.0,54.0,38.0,109.0,1.0,202.0,,,,
09/06/02/009,CROSS RIVER,BIASE,ADIM,ADIM NEW TOWN HALL,24853301,09_06_02_009_crop,09_06_02_009_24853301.png,122.0,69.0,69.0,23.0,27.0,100.0,3.0,155.0,,,,
09/12/02/002,CROSS RIVER,OBANLIKU,BEBI,"PLAYGROUND, BEGBONG",24854887,09_12_02_002_crop,09_12_02_002_24854887.png,815.0,335.0,335.0,150.0,117.0,60.0,0.0,,1.0,1.0,1.0,0
10/13/02/008,DELTA,OKPE,OVIRI - OKPE,"OKORODUDU   PRIMARY SCHOOL, OVIRI - OKPE VI",24858478,10_13_02_008_crop,10_13_02_008_24858478.png,331.0,0.0,0.0,41.0,65.0,10.0,0.0,,,,,
10/20/05/002,DELTA,UGHELLI SOUTH,OLOMU  II,"AKPERHE PRIMARY SCHOOL, AKPERHE II",24862137,10_20_05_002_crop,10_20_05_002_24862137.png,764.0,185.0,185.0,46.0,62.0,75.0,0.0,185.0,,,,
10/19/04/010,DELTA,UGHELLI NORTH,OROGUN   II,"OFUOMA/OGBE/IKIE CENTRE/ARAGBA POSTAL AGENCY, ARAGBA",24860876,10_19_04_010_crop,10_19_04_010_24860876.png,725.0,112.0,112.0,0.0,3.0,30.0,1.0,30.0,,,,
10/07/02/002,DELTA,IKA NORTH- EAST,OWA II,"OMI PRIMARY SCHOOL, OWA - ALERO II",24857489,10_07_02_002_crop,10_07_02_002_24857489.png,871.0,288.0,288.0,8.0,240.0,15.0,0.0,266.0,,,,
10/25/04/016,DELTA,WARRI SOUTH  WEST,GBARAMATU,KOKODIAGBENE   TOWN  HALL,24857837,10_25_04_016_crop,10_25_04_016_24857837.png,750.0,64.0,64.0,6.0,28.0,25.0,1.0,62.0,1.0,1.0,0.0,1
10/02/04/011,DELTA,ANIOCHA - SOUTH,UBULU - UKU I,"ANIOMA SQUARE, ANIOMA QUARTERS",24859764,10_02_04_011_crop,10_02_04_011_24859764.png,96.0,11.0,11.0,0.0,11.0,0.0,0.0,11.0,,,,
10/04/05/009,DELTA,BURUTU,OJOBO,OMBUTUAEBE  I  -  TEITEI   P/G,24860148,10_04_05_009_crop,10_04_05_009_24860148.png,324.0,53.0,53.0,6.0,7.0,40.0,0.0,53.0,,,,
10/19/04/014,DELTA,UGHELLI NORTH,OROGUN   II,"ANIE/IBIO/OSSA/IKOROBIE STREET/OBIOGO HALL, EMONU",24860867,10_19_04_014_crop,10_19_04_014_24860867.png,706.0,175.0,175.0,100.0,15.0,33.0,1.0,153.0,,,,
10/22/02/026,DELTA,UVWIE,EFFURUN  II,BESIDE HOTEL DE MARK,24858061,10_22_02_026_crop,10_22_02_026_24858061.png,293.0,141.0,141.0,0.0,16.0,109.0,0.0,116.0,,,,
10/09/01/011,DELTA,ISOKO NORTH,IYEDE I,"PALACE JUNCTION, EKREME, OTOR - IYEDE",24857083,10_09_01_011_crop,10_09_01_011_24857083.png,488.0,84.0,84.0,7.0,18.0,50.0,0.0,80.0,,,,
11/04/03/010,EBONYI,EBONYI,AGALEGU,OBVUDU PLAY GROUND,24864473,11_04_03_010_crop,11_04_03_010_24864473.png,61.0,23.0,23.0,3.0,3.0,15.0,0.0,21.0,,,,
11/03/01/012,EBONYI,AFIKPO  SOUTH,AMAEKE EKOLI,AMAEKE VILLAGE SQUARE II,24864552,11_03_01_012_crop,11_03_01_012_24864552.png,669.0,77.0,77.0,0.0,0.0,77.0,0.0,77.0,,,,
11/02/12/008,EBONYI,AFIKPO NORTH,UWANA AFIKPO II,OKOKOBUCHA AMAEKWU,24863978,11_02_12_008_crop,11_02_12_008_24863978.png,92.0,44.0,44.0,4.0,4.0,27.0,0.0,36.0,,,,
11/06/06/005,EBONYI,EZZA SOUTH,AMUZU,OGEWEKWE VILLAGE SQUARE HALL II,24862237,11_06_06_005_crop,11_06_06_005_24862237.png,899.0,174.0,174.0,25.0,6.0,124.0,1.0,,,,,
11/09/07/001,EBONYI,IVO,NDIOKORO UKWU,NDIOKORO UKWU PRIMARY SCHOOL,24862981,11_09_07_001_crop,11_09_07_001_24862981.png,591.0,118.0,118.0,23.0,9.0,76.0,0.0,112.0,,,,
11/07/15/007,EBONYI,IKWO,NDIAGU ECHARA II,NWODE MARKET SQUARE,24863199,11_07_15_007_crop,11_07_15_007_24863199.png,822.0,212.0,212.0,21.0,16.0,124.0,0.0,172.0,,,,
11/13/04/006,EBONYI,ONICHA,EBIA OSHIRI,EBIA CENTRAL SCHOOL,24863527,11_13_04_006_crop,11_13_04_006_24863527.png,163.0,48.0,48.0,4.0,5.0,103.0,3.0,116.0,,,,
11/06/05/017,EBONYI,EZZA SOUTH,AMUDO/OKOFFIA,NWEKE AGBAKORO MARKET SQ,24862308,11_06_05_017_crop,11_06_05_017_24862308.png,128.0,89.0,89.0,3.0,0.0,69.0,0.0,76.0,1.0,1.0,1.0,0
11/11/06/014,EBONYI,OHAOZARA,OKPOSI OKWU,OGUDU ICHIKARA VILLAGE SQUARE,24865101,vm_11_11_06_014_crop,11_11_06_014_24865101.png,750.0,117.0,117.0,11.0,0.0,85.0,1.0,101.0,,,,
12/01/01/005,EDO,AKOKO EDO,IGARRA I,"UGBOGBO, SECRETARIAT ROAD",24865534,12_01_01_005_crop,12_01_01_005_24865534.png,642.0,189.0,189.0,49.0,45.0,82.0,0.0,183.0,,,,
12/08/02/009,EDO,ETSAKO EAST,WANNO I,EGBEPUI PRIMARY SCH IVIEGBEPUI II,24865813,12_08_02_009_crop,12_08_02_009_24865813.png,552.0,300.0,300.0,51.0,150.0,70.0,0.0,271.0,,,,
12/18/05/009,EDO,UHUNMWODE,UMAGBAE NORTH,"URHOKUOSA, OKUOSA P/SCHOOL",24869758,12_18_05_009_crop,12_18_05_009_24869758.png,750.0,154.0,154.0,13.0,23.0,106.0,0.0,,,,,
12/13/01/012,EDO,ORHIONMWON,AIBIOKUNLA  I,"EWUARE P/S, OGAN I",24866668,12_13_01_012_crop,12_13_01_012_24866668.png,710.0,169.0,169.0,69.0,32.0,65.0,1.0,169.0,,,,
12/09/10/022,EDO,ETSAKO  WEST,UZAIRUE NORTH EAST,"AFOWA  MIXED S/S, AFOWA",24866149,12_09_10_022_crop,12_09_10_022_24866149.png,79.0,66.0,66.0,29.0,5.0,28.0,0.0,66.0,,,,
12/12/01/064,EDO,OREDO,OGBE,"OPEN SPACE, CONCORD ROAD JUNCTION OFF COLLEGE RD",24866985,12_12_01_064_crop,12_12_01_064_24866985.png,68.0,38.0,38.0,3.0,0.0,34.0,0.0,38.0,,,,
12/09/02/003,EDO,ETSAKO  WEST,AUCHI I,HAUSA QRTS - UCHI P/S,24866035,12_09_02_003_crop,12_09_02_003_24866035.png,750.0,158.0,158.0,111.0,14.0,27.0,0.0,150.0,,,,
12/13/05/018,EDO,ORHIONMWON,UGBOKO,"OBOZOGBE- NIRO P/SCH. , UGBOKO - NIRO  IV",24866759,12_13_05_018_crop,12_13_05_018_24866759.png,319.0,52.0,52.0,8.0,13.0,28.0,0.0,50.0,,,,
12/07/06/011,EDO,ETSAKO CENTRAL,EKPERI I,UGBEKPE COMMUNITY MKT SQUARE,24866229,12_07_06_011_crop,12_07_06_011_24866229.png,471.0,0.0,,93.0,22.0,49.0,0.0,166.0,,,,
13/03/09/006,EKITI,EKITI EAST,OBADORE  IV,LATE OLODA'S FRONTAGE / ODA ODO,24871673,13_03_09_006_crop,13_03_09_006_24871673.png,612.0,317.0,317.0,154.0,161.0,0.0,0.0,317.0,,,,
13/06/09/007,EKITI,EMURE,OGBONTIORO  I,SACRED HEARTH SCHOOL / CHIEF PAUL OKE'S COMPOUND,24869810,13_06_09_007_crop,13_06_09_007_24869810.png,234.0,75.0,75.0,41.0,28.0,3.0,0.0,73.0,,,,
13/09/02/005,EKITI,IJERO,"IJERO WARD  ""B""",APASO - NEAR FOLORUNSO POOL'S,24870472,13_09_02_005_crop,13_09_02_005_24870472.png,589.0,169.0,169.0,89.0,42.0,21.0,0.0,160.0,,,,
13/14/03/005,EKITI,ISE / ORUN,ODO ISE  III,NEAR ASAE'S HOUSE/OKE DIROKO / LOWER ASOLO,24870752,13_14_03_005_crop,13_14_03_005_24870752.png,594.0,211.0,211.0,194.0,12.0,2.0,0.0,209.0,,,,
13/16/02/002,EKITI,OYE,OYE I,"IMMAM'S COMP'D , IRARE",24871975,13_16_02_002_crop,13_16_02_002_24871975.png,452.0,142.0,142.0,95.0,26.0,11.0,0.0,136.0,,,,
13/01/13/023,EKITI,ADO EKITI,ADO 'M' FARM SETTLEMENT,"PRY. SCH. AGO ADULOJU / AGO ADUGBOKUN , ADULOJU",24870044,13_01_13_023_crop,13_01_13_023_24870044.png,623.0,176.0,176.0,100.0,56.0,8.0,0.0,176.0,,,,
13/02/03/002,EKITI,EFON,EFON    III,ST. PATRICK'S SCH.   I - ISAJA,24871246,13_02_03_002_crop,13_02_03_002_24871246.png,339.0,133.0,133.0,89.0,36.0,3.0,0.0,129.0,1.0,1.0,1.0,0
13/06/09/001,EKITI,EMURE,OGBONTIORO  I,OPEN SPACE WITHIN AJAKA'S COMPOUND / AJAKA,24869811,13_06_09_001_crop,13_06_09_001_24869811.png,289.0,93.0,93.0,78.0,9.0,4.0,0.0,91.0,,,,
13/01/10/026,EKITI,ADO EKITI,ADO 'J' OKESA,"OPEN SPACE OPPOSITE ORI OKE APATA NATHAN, OFF NOVA ROAD",24870184,13_01_10_026_crop,13_01_10_026_24870184.png,24.0,12.0,12.0,8.0,0.0,3.0,0.0,12.0,,,,
14/10/01/008,ENUGU,ISI UZO,IKEM I,NZUTE IGBO,24875689,14_10_01_008_crop,14_10_01_008_24875689.png,480.0,138.0,138.0,2.0,8.0,108.0,2.0,128.0,,,,
14/04/12/030,ENUGU,ENUGU NORTH,UDI SIDING/IVA VALLEY,ARIA ROAD PRIMARY SCHOOL II,24875105,14_04_12_030_crop,14_04_12_030_24875105.png,673.0,124.0,124.0,1.0,1.0,119.0,0.0,124.0,0.0,1.0,1.0,1
14/16/18/004,ENUGU,UDI,UMULUMGBE,CENTRAL SCHOOL UWENU/AMACHALLA II,24876249,14_16_18_004_crop,14_16_18_004_24876249.png,282.0,16.0,16.0,0.0,0.0,14.0,0.0,15.0,,,,
14/09/09/009,ENUGU,IGBO EZE SOUTH,ITCHI/UWANI I,EKE UMUOGBU,24872916,14_09_09_009_crop,14_09_09_009_24872916.png,62.0,37.0,37.0,0.0,1.0,35.0,0.0,36.0,,,,
14/06/03/003,ENUGU,EZEAGU,AGUOBU-OWA 1,OBODO AGUNOCHI,24872396,14_06_03_003_crop,14_06_03_003_24872396.png,408.0,82.0,82.0,0.0,2.0,80.0,0.0,82.0,,,,
14/11/08/005,ENUGU,NKANU EAST,NKEREFI II,COMM. SCHOOL  ENUOGU,24876339,14_11_08_005_crop,14_11_08_005_24876339.png,309.0,71.0,71.0,2.0,2.0,62.0,3.0,70.0,,,,
14/04/06/014,ENUGU,ENUGU NORTH,OGBETTE WEST,OGBETTE PRIMARY SCHOOL II,24874927,14_04_06_014_crop,14_04_06_014_24874927.png,822.0,158.0,158.0,0.0,0.0,152.0,2.0,154.0,,,,
14/07/14/004,ENUGU,IGBO ETITI,ONYOHOR/OCHIMA/IDOHA,C.P.S. OCHIMA II,24873113,14_07_14_004_crop,14_07_14_004_24873113.png,367.0,124.0,124.0,4.0,11.0,97.0,0.0,113.0,1.0,1.0,1.0,0
14/15/10/013,ENUGU,UDENU,UDUNEDEM,COMMUNITY SECONDARY SCHOOL UMUNDU,24874299,14_15_10_013_crop,14_15_10_013_24874299.png,60.0,34.0,34.0,2.0,1.0,25.0,0.0,,,,,
14/17/04/003,ENUGU,UZO-UWANI,UKPATA,UMUEZE ANUKWULU SQUARE I,24875908,14_17_04_003_crop,14_17_04_003_24875908.png,260.0,46.0,46.0,4.0,2.0,40.0,0.0,46.0,,,,
15/04/11/002,GOMBE,DUKKU,ZAUNE,"SANTURAKI, DISPENSARY",24881425,15_04_11_002_crop,15_04_11_002_24881425.png,560.0,183.0,183.0,76.0,93.0,0.0,1.0,173.0,0.0,0.0,1.0,0
15/01/01/023,GOMBE,AKKO,AKKO,TUDU WADA - K/JAURO UBAN-DOMA,24879261,15_01_01_023_crop,15_01_01_023_24879261.png,342.0,180.0,180.0,33.0,137.0,0.0,1.0,,,,,
15/07/05/026,GOMBE,KALTUNGO,KAMO,TENIN YIBIR PRIMARY SCH.,24880340,15_07_05_026_crop,15_07_05_026_24880340.png,131.0,93.0,93.0,20.0,36.0,1.0,1.0,81.0,,,,
15/11/04/037,GOMBE,YALMALTU/ DEBA,HINNA,"KUKAWA II, KUKAWA PRI. SCH.",24882066,15_11_04_037_crop,15_11_04_037_24882066.png,580.0,206.0,206.0,30.0,178.0,0.0,0.0,200.0,,,,
15/05/06/010,GOMBE,FUNAKAYE,JILLAHI,"JARKUM, KOFAR JAURO",24880833,15_05_06_010_crop,15_05_06_010_24880833.png,249.0,65.0,65.0,28.0,27.0,0.0,6.0,64.0,,,,
15/07/08/003,GOMBE,KALTUNGO,TULA - YIRI,"BWANE, K. M/ KMA",24880114,15_07_08_003_crop,15_07_08_003_24880114.png,509.0,136.0,136.0,17.0,77.0,34.0,3.0,134.0,,,,
15/07/09/003,GOMBE,KALTUNGO,TUNGO,"LIMDE  ""A"", PRI. SCH.",24880250,15_07_09_003_rotate_failure,15_07_09_003_24880250.png,728.0,177.0,177.0,,,,,,,,,
15/07/03/028,GOMBE,KALTUNGO,KALTUNGO WEST,"MAHAUTA, K. SARKIN PAWA",24880438,15_07_03_028_crop,15_07_03_028_24880438.png,585.0,151.0,151.0,45.0,94.0,19.0,2.0,,,,,
15/04/06/021,GOMBE,DUKKU,MALALA,"BAKAU TAMBAJAM, KOFAR SARKI",24881166,15_04_06_021_rotate_failure,15_04_06_021_24881166.png,409.0,144.0,144.0,,,,,,,,,
16/19/06/001,IMO,OKIGWE,EZINACHI,EZINACHI CENTRAL SCHOOL I,24886863,16_19_06_001_crop,16_19_06_001_24886863.png,680.0,97.0,97.0,3.0,3.0,91.0,0.0,97.0,1.0,0.0,1.0,1
16/25/06/012,IMO,OWERRI MUNICIPAL,AZUZI II,170 TETLOW RD.,24884729,16_25_06_012_crop,16_25_06_012_24884729.png,56.0,31.0,31.0,0.0,3.0,26.0,1.0,30.0,,,,
16/02/06/012,IMO,AHIAZU MBAISE,AMUZI/IHENWORIE,CENTRAL SCHOOL OGWAMA,24885839,16_02_06_012_crop,16_02_06_012_24885839.png,652.0,123.0,123.0,14.0,19.0,85.0,0.0,119.0,1.0,1.0,1.0,0
16/02/08/014,IMO,AHIAZU MBAISE,OBOHIA/EKWEREAZU,UMUOFEZI TOWN HALL,24885818,16_02_08_014_crop,16_02_08_014_24885818.png,504.0,0.0,,1.0,14.0,84.0,3.0,107.0,,,,
16/18/04/006,IMO,OHAJI EGBEMA,EGBEMA 'B',UKWUGBA VILLAGE SQUARE II,24887971,16_18_04_006_crop,16_18_04_006_24887971.png,750.0,121.0,121.0,13.0,1.0,105.0,0.0,121.0,,,,
16/01/01/032,IMO,ABOH MBAISE,ENYIOGUGU,UMUOSI SQUARE-UMUOYE,24884058,16_01_01_032_crop,16_01_01_032_24884058.png,12.0,0.0,,0.0,2.0,7.0,0.0,9.0,,,,
16/08/01/007,IMO,IKEDURU,AKABO,COMMUNITY SCHOOL AKABO,24884209,16_08_01_007_crop,16_08_01_007_24884209.png,849.0,173.0,173.0,2.0,0.0,162.0,1.0,168.0,,,,
16/19/06/002,IMO,OKIGWE,EZINACHI,UBAHU VILLAGE SQUARE,24886866,16_19_06_002_crop,16_19_06_002_24886866.png,363.0,41.0,41.0,2.0,4.0,35.0,0.0,,,,,
16/02/09/015,IMO,AHIAZU MBAISE,MPAM,UMUOKEOKPA HALL,24885870,16_02_09_015_crop,16_02_09_015_24885870.png,308.0,0.0,,0.0,8.0,62.0,0.0,72.0,,,,
17/03/10/008,JIGAWA,BIRNIN KUDU,WURNO,GARGADI P.S,24891764,17_03_10_008_crop,17_03_10_008_24891764.png,518.0,140.0,140.0,59.0,95.0,1.0,0.0,159.0,1.0,0.0,1.0,1
17/07/03/017,JIGAWA,GARKI,GARKI,MODEL PS,24889744,17_07_03_017_crop,17_07_03_017_24889744.png,72.0,42.0,42.0,16.0,14.0,1.0,9.0,41.0,,,,
17/09/03/003,JIGAWA,GUMEL,DANTANOMA,DANTANOMA  JIKIN INJI NIKA,24889590,17_09_03_003_crop,17_09_03_003_24889590.png,947.0,0.0,,57.0,117.0,0.0,121.0,305.0,,,,
17/16/05/002,JIGAWA,KAUGAMA,HADIN,HADIN PRI. SCH./HADIN  II,24892643,17_16_05_002_crop,17_16_05_002_24892643.png,841.0,353.0,353.0,200.0,100.0,0.0,14.0,339.0,,,,
17/20/01/010,JIGAWA,MAIGATARI,BALARABE,BOSUWA PRI. SCH. BOSUWA II,24893273,17_20_01_010_crop,17_20_01_010_24893273.png,814.0,430.0,430.0,142.0,240.0,0.0,23.0,415.0,,,,
17/02/10/003,JIGAWA,BABURA,KYAMBO,GATUTA/GATUTA,24891250,17_02_10_003_crop,17_02_10_003_24891250.png,432.0,265.0,265.0,121.0,111.0,1.0,29.0,264.0,1.0,1.0,1.0,0
17/27/04/003,JIGAWA,YANKWASHI,GWARTA,RAUDA GABAS/ PRI. SCH.,24893093,17_27_04_003_crop,17_27_04_003_24893093.png,711.0,280.0,280.0,183.0,94.0,0.0,0.0,277.0,,,,
17/21/08/009,JIGAWA,MALAM MADORI,SHAIYA,GIDAN MAIGARI/ZARO YAMMA,24891791,17_21_08_009_crop,17_21_08_009_24891791.png,807.0,335.0,335.0,143.0,183.0,2.0,6.0,,,,,
17/15/08/007,JIGAWA,KAFIN HAUSA,MEZAN,GULUGULUN PRI. SCH.,24890522,17_15_08_007_crop,17_15_08_007_24890522.png,666.0,256.0,256.0,99.0,56.0,4.0,63.0,236.0,,,,
18/06/07/004,KADUNA,JABA,DADDU,UNG. KYARI/ UNG. SARKI,24893428,18_06_07_004_crop,18_06_07_004_24893428.png,750.0,215.0,215.0,7.0,81.0,104.0,14.0,215.0,,,,
18/03/06/006,KADUNA,GIWA,YAKAWADA,"UNG. BAKETSARI I, II, III & NASARAWA I, II/ UNG. BARCBAKI",24898173,18_03_06_006_crop,18_03_06_006_24898173.png,750.0,124.0,124.0,31.0,77.0,12.0,2.0,122.0,,,,
18/11/09/014,KADUNA,KAGARKO,KATUGAL,LEA PRI. SCH. KUBACHA,24900629,18_11_09_014_crop,18_11_09_014_24900629.png,750.0,0.0,0.0,48.0,83.0,82.0,5.0,220.0,,,,
18/08/12/011,KADUNA,KACHIA,KURMIN MUSA,GIDAN JABIR PRIMARY SCHOOL,24893887,18_08_12_011_crop,18_08_12_011_24893887.png,976.0,273.0,273.0,62.0,58.0,100.0,1.0,212.0,0.0,0.0,1.0,0
18/20/06/003,KADUNA,SANGA,BOKANA,FADAN AYU II,24900979,18_20_06_003_crop,18_20_06_003_24900979.png,764.0,165.0,165.0,88.0,51.0,20.0,3.0,165.0,,,,
18/14/01/027,KADUNA,KAURU,KAURU WEST,ANG. SARKI DANMAKOGI,24895344,18_14_01_027_crop,18_14_01_027_24895344.png,442.0,190.0,190.0,91.0,57.0,10.0,1.0,177.0,,,,
18/03/06/028,KADUNA,GIWA,YAKAWADA,TV VIEWING CENTRE GADAGAU GARI,24898178,18_03_06_028_crop,18_03_06_028_24898178.png,75.0,49.0,49.0,14.0,25.0,0.0,5.0,49.0,,,,
18/11/03/019,KADUNA,KAGARKO,KUSHE,LEA PRIMARY SCHOOL UNG. JEKADA,24900724,18_11_03_019_crop,18_11_03_019_24900724.png,750.0,157.0,157.0,21.0,58.0,53.0,1.0,134.0,,,,
18/15/05/014,KADUNA,KUBAU,DAMAU,LEREN DUTSE/ PRI. SCH.,24896160,18_15_05_014_crop,18_15_05_014_24896160.png,923.0,278.0,278.0,153.0,39.0,1.0,84.0,277.0,,,,
18/02/11/029,KADUNA,CHIKUN,UNG. YELWA,MADAKI STREET U/YELWA,24897319,18_02_11_029_crop,18_02_11_029_24897319.png,351.0,246.0,246.0,1.0,36.0,195.0,2.0,241.0,,,,
18/23/11/023,KADUNA,ZARIA,WUCICCIRI,ZAKARA B/K/G MUNTARI,24896794,18_23_11_023_crop,18_23_11_023_24896794.png,189.0,159.0,159.0,79.0,68.0,0.0,9.0,156.0,,,,
19/04/04/001,KANO,BEBEJI,DAMAU,"DAMAU, CIKIN GARI",24907775,19_04_04_001_crop,19_04_04_001_24907775.png,471.0,250.0,250.0,94.0,5.0,0.0,142.0,249.0,,,,
19/31/09/071,KANO,NASARAWA,KAURA GOJE,FILIN ABASHE MAI RAKE,24902433,19_31_09_071_crop,19_31_09_071_24902433.png,38.0,19.0,19.0,1.0,2.0,0.0,16.0,18.0,,,,
19/18/08/052,KANO,GWALE,KABUGA,KABUGA PRI. SCH.. II,24910701,19_18_08_052_crop,19_18_08_052_24910701.png,31.0,11.0,11.0,0.0,0.0,0.0,10.0,2.0,,,,
19/21/01/013,KANO,KANO MUNICIPAL,CHEDI,"DARMA, YOLAWA ISLAMIYYA II",24908446,19_21_01_013_crop,19_21_01_013_24908446.png,582.0,171.0,171.0,30.0,29.0,0.0,109.0,168.0,,,,
19/31/03/052,KANO,NASARAWA,GAWUNA,G A S  S LIMAN DATTI VI,24902792,19_31_03_052_crop,19_31_03_052_24902792.png,13.0,6.0,6.0,0.0,1.0,0.0,5.0,6.0,,,,
19/15/06/004,KANO,GARUN MALAM,JOBAWA,RIGA,24905914,19_15_06_004_crop,19_15_06_004_24905914.png,526.0,204.0,204.0,81.0,59.0,5.0,55.0,,,,,
19/31/01/026,KANO,NASARAWA,DAKATA,ST. LOUIS SECONDARY SCHOOL I,24902287,19_31_01_026_crop,19_31_01_026_24902287.png,644.0,125.0,125.0,13.0,20.0,24.0,62.0,123.0,0.0,1.0,1.0,1
19/12/04/002,KANO,FAGGE,FAGGE D,GIDAN M/UNGUWA II,24905789,19_12_04_002_crop,19_12_04_002_24905789.png,750.0,136.0,136.0,16.0,28.0,0.0,85.0,133.0,,,,
19/30/09/003,KANO,MINJIBIR,TSAKIYA,"KWABNA,  PRIMARY SCHOOL",24902019,19_30_09_003_crop,19_30_09_003_24902019.png,618.0,354.0,354.0,73.0,38.0,1.0,214.0,335.0,,,,
19/18/06/040,KANO,GWALE,GWALE,IRSHADUL ADAFAL ISLAMIYYA PRI. SCH..,24910761,19_18_06_040_crop,19_18_06_040_24910761.png,21.0,14.0,14.0,1.0,1.0,0.0,12.0,14.0,,,,
20/09/10/005,KATSINA,DAN MUSA,YAN-TUMAKI A,YANTUMAKI CENTRAL II T.V. CENTRE,24912423,20_09_10_005_crop,20_09_10_005_24912423.png,429.0,204.0,204.0,50.0,102.0,0.0,17.0,179.0,,,,
20/04/02/017,KATSINA,BAURE,BABBAN MUTUM,UBANDAWAKI II,24915203,20_04_02_017_crop,20_04_02_017_24915203.png,177.0,138.0,138.0,28.0,86.0,0.0,0.0,138.0,,,,
20/24/08/013,KATSINA,MAI'ADUA,MAI KONI 'B',MALLAMAWA ASIBITI (DISPENSARY),24914106,20_24_08_013_crop,20_24_08_013_24914106.png,483.0,297.0,297.0,216.0,44.0,0.0,19.0,282.0,,,,
20/14/01/032,KATSINA,FUNTUA,DANDUTSE,K/G ALH SANI DAN IZALA,24913140,20_14_01_032_crop,20_14_01_032_24913140.png,45.0,35.0,35.0,16.0,12.0,0.0,5.0,35.0,,,,
20/09/04/003,KATSINA,DAN MUSA,DAN MUSA B,AIDUN GADAJE PRI SCHOOL,24912382,20_09_04_003_crop,20_09_04_003_24912382.png,323.0,26.0,26.0,13.0,11.0,0.0,0.0,,,,,
20/09/10/016,KATSINA,DAN MUSA,YAN-TUMAKI A,KOFAR AREWA,24912425,20_09_10_016_crop,20_09_10_016_24912425.png,102.0,80.0,80.0,44.0,27.0,0.0,6.0,77.0,,,,
20/21/02/048,KATSINA,KATSINA,WAKILIN GABAS II,D/AMARE BEDIN SADI,24915810,20_21_02_048_crop,20_21_02_048_24915810.png,67.0,39.0,39.0,0.0,0.0,0.0,0.0,0.0,0.0,0.0,0.0,0
20/18/10/010,KATSINA,KAITA,MATSAI,GANGARA/KWARIN TIGA - FAGEN FARU,24917838,20_18_10_010_crop,20_18_10_010_24917838.png,268.0,150.0,150.0,93.0,61.0,0.0,3.0,150.0,,,,
20/21/06/002,KATSINA,KATSINA,WAKILIN KUDU I,YANTABA   /  K/GIDAN A. GAMBO I,24915569,20_21_06_002_crop,20_21_06_002_24915569.png,644.0,110.0,110.0,10.0,91.0,0.0,8.0,110.0,,,,
20/12/10/027,KATSINA,DUTSIN-MA,MAKERA,OPEN SPACE KWAKWARE,24913788,20_12_10_027_crop,20_12_10_027_24913788.png,49.0,37.0,37.0,14.0,21.0,0.0,1.0,36.0,,,,
20/05/07/007,KATSINA,BINDAWA,DORO,SABON GARI I - READIING ROOM,24914522,20_05_07_007_crop,20_05_07_007_24914522.png,1667.0,470.0,470.0,189.0,216.0,0.0,39.0,449.0,,,,
20/08/02/013,KATSINA,DANJA,TANDAMA,TATARIN MAKAMA TATARIN MAKAMA,24911875,20_08_02_013_crop,20_08_02_013_24911875.png,367.0,123.0,123.0,52.0,66.0,0.0,1.0,,1.0,0.0,1.0,0
21/15/02/013,KEBBI,NGASKI,GAFARA MACHUPA,GAFARA DISPENSARY,24919848,21_15_02_013_crop,21_15_02_013_24919848.png,286.0,139.0,139.0,76.0,47.0,1.0,0.0,128.0,,,,
21/11/02/021,KEBBI,JEGA,DANGAMAJI,BADARIYA ABARMA DAN FILI,24921581,21_11_02_021_crop,21_11_02_021_24921581.png,112.0,93.0,93.0,38.0,55.0,0.0,0.0,93.0,,,,
21/13/08/004,KEBBI,KOKO/BESSE,TAKWARE,TAKWARE,24919505,21_13_08_004_crop,21_13_08_004_24919505.png,710.0,181.0,181.0,101.0,75.0,0.0,0.0,177.0,,,,
21/06/05/002,KEBBI,BIRNIN KEBBI,KOLA /TARASA,TARASA  G/UMARU LIMAN,24918747,21_06_05_002_crop,21_06_05_002_24918747.png,571.0,263.0,263.0,81.0,162.0,0.0,0.0,250.0,,,,
21/12/03/010,KEBBI,KALGO,DIGGI,RAMEN KOFAR YAMMA YAMMA,24919781,21_12_03_010_crop,21_12_03_010_24919781.png,111.0,71.0,71.0,18.0,42.0,0.0,1.0,61.0,,,,
21/15/06/008,KEBBI,NGASKI,KAMBUWA/DANMARAYA,TUNGAR KOLO,24919809,21_15_06_008_crop,21_15_06_008_24919809.png,699.0,101.0,101.0,51.0,44.0,0.0,0.0,95.0,,,,
21/02/08/008,KEBBI,AREWA,KANGIWA,KWALAYE PRIMARY SCHOOL,24919915,21_02_08_008_crop,21_02_08_008_24919915.png,554.0,237.0,237.0,130.0,82.0,0.0,0.0,215.0,,,,
21/18/07/010,KEBBI,SURU,DANIYA/SHEMA,KORMISA MANU,24921718,21_18_07_010_crop,21_18_07_010_24921718.png,27.0,17.0,17.0,0.0,7.0,0.0,0.0,17.0,,,,
21/05/04/010,KEBBI,BAGUDO,ILLO/SABON/GARI/YANTAU,BULALANGU PRIMARY SCHL.,24920274,21_05_04_010_crop,21_05_04_010_24920274.png,277.0,116.0,116.0,32.0,63.0,0.0,0.0,95.0,,,,
22/11/10/004,KOGI,KOGI . K. K.,CHIKARA NORTH,OLD MARKET SOUARE CHIKARA,24925154,22_11_10_004_crop,22_11_10_004_24925154.png,165.0,116.0,116.0,18.0,17.0,65.0,0.0,106.0,,,,
22/01/01/009,KOGI,ADAVI,OKUNCHI/OZURI/ONIEKA,OPPOSITE SANNI AJOGE'S HOUSE,24922219,22_01_01_009_crop,22_01_01_009_24922219.png,586.0,147.0,147.0,0.0,0.0,0.0,0.0,,,,,
22/14/03/002,KOGI,OFU,EJULE ALLAH,"PUBLIC SQUARE, ALLA OGANE/ALLA AGBO-ALLA OGANE-ALLA EJIMA",24922915,22_14_03_002_crop,22_14_03_002_24922915.png,502.0,93.0,93.0,86.0,2.0,2.0,0.0,91.0,,,,
22/05/02/010,KOGI,DEKINA,IYALE,"ADUMU AJADIKE, OPEN SPACE",24923660,22_05_02_010_crop,22_05_02_010_24923660.png,717.0,190.0,190.0,154.0,29.0,0.0,0.0,188.0,,,,
22/10/15/003,KOGI,KABBA/BUNU,OKEBUKUN,"AIYEGUNLE-IGUN LGEA SCH , AIYEGUNLE, IGUN",24924518,22_10_15_003_crop,22_10_15_003_24924518.png,981.0,238.0,238.0,92.0,99.0,33.0,2.0,229.0,,,,
22/11/05/003,KOGI,KOGI . K. K.,IRENODU,"LGEA SCH. COMP., OGBANGEDE",24925114,22_11_05_003_crop,22_11_05_003_24925114.png,782.0,342.0,342.0,211.0,101.0,0.0,0.0,339.0,,,,
22/12/07/013,KOGI,LOKOJA,KUPA SOUTH WEST,"GBAMACHE, ABUGI OPEN SPACE",24923171,22_12_07_013_crop,22_12_07_013_24923171.png,552.0,154.0,154.0,125.0,23.0,2.0,0.0,151.0,,,,
22/02/14/025,KOGI,AJAOKUTA,GANAGA/TOWNSHIP,COMMUNITY SECONDARY SCHOOL GEREGU,24923392,22_02_14_025_crop,22_02_14_025_24923392.png,673.0,0.0,0.0,52.0,47.0,16.0,25.0,146.0,,,,
22/05/10/044,KOGI,DEKINA,ANYIGBA,OPEN SPACE OFEJIKPI IV,24923777,22_05_10_044_crop,22_05_10_044_24923777.png,593.0,51.0,51.0,45.0,1.0,4.0,0.0,50.0,,,,
23/12/01/007,KWARA,MORO,JEBBA,LGEA  SCH ONIPAKO,24927031,23_12_01_007_crop,23_12_01_007_24927031.png,750.0,173.0,173.0,91.0,27.0,32.0,0.0,151.0,,,,
23/16/01/010,KWARA,PATIGI,PATIGI 1,SIM SCHOOL II,24928084,23_16_01_010_crop,23_16_01_010_24928084.png,750.0,235.0,235.0,,,,,,0.0,1.0,1.0,1
23/02/05/016,KWARA,BARUTEN,ILESHA,BWINKPKI AREA,24927418,23_02_05_016_crop,23_02_05_016_24927418.png,685.0,201.0,201.0,117.0,62.0,0.0,0.0,193.0,,,,
23/07/04/010,KWARA,ILORIN-SOUTH,AKANBI -1V,OPEN SPACE MIN OF HEALTH FATE III,24926654,23_07_04_010_crop,23_07_04_010_24926654.png,750.0,168.0,168.0,72.0,28.0,57.0,0.0,166.0,,,,
23/07/05/025,KWARA,ILORIN-SOUTH,AKANBI -V,"OPEN SPACE, OPP. J & A HOTEL KULENDE AREA",24926617,23_07_05_025_crop,23_07_05_025_24926617.png,546.0,128.0,128.0,65.0,14.0,35.0,0.0,123.0,,,,
23/05/04/011,KWARA,IFELODUN,ORA,"JAMAT NASIR ISLAM LGEA SCHOOL,ORA",24927644,23_05_04_011_crop,23_05_04_011_24927644.png,171.0,66.0,66.0,0.0,6.0,0.0,6.0,11.0,,,,
23/13/02/003,KWARA,OFFA,SHAWO SOUTH WEST,OPEN SPACE FREEDOM HOTEL AREA I,24926943,vm_23_13_02_003_crop,23_13_02_003_24926943.png,793.0,170.0,170.0,127.0,14.0,15.0,0.0,,,,,
23/05/16/001,KWARA,IFELODUN,IGBAJA 111,COMM SCH YARU,24927710,23_05_16_001_crop,23_05_16_001_24927710.png,368.0,112.0,112.0,53.0,18.0,4.0,0.0,98.0,,,,
23/02/06/008,KWARA,BARUTEN,KENU/TABERU,KENU NEW MARKET,24927300,23_02_06_008_crop,23_02_06_008_24927300.png,877.0,0.0,,,,,,,,,,
24/04/03/076,LAGOS,AMUWO-ODOFIN,FESTAC II,"5TH AVENUE 'J' CLOSE,",24934832,24_04_03_076_crop,24_04_03_076_24934832.png,145.0,99.0,99.0,14.0,0.0,78.0,0.0,93.0,0.0,1.0,1.0,1
24/16/08/032,LAGOS,MUSHIN,MUSHIN/ATEWOLARA,"311, AGEGE MOTOR ROAD",24938425,24_16_08_032_crop,24_16_08_032_24938425.png,312.0,56.0,56.0,34.0,1.0,18.0,0.0,55.0,1.0,1.0,1.0,0
24/02/05/030,LAGOS,AJEROMI/IFELODUN,TOLU,21/23 BALE ALAYABIAGBA STREET,24933609,24_02_05_030_crop,24_02_05_030_24933609.png,602.0,114.0,114.0,89.0,2.0,19.0,0.0,112.0,,,,
24/02/08/002,LAGOS,AJEROMI/IFELODUN,LAYENI,"OPP. 20, ALABA ROAD, ACROSS THE ROAD",24933236,24_02_08_002_crop,24_02_08_002_24933236.png,440.0,49.0,49.0,18.0,0.0,26.0,1.0,49.0,,,,
24/13/07/119,LAGOS,KOSOFE,ISHERI-OLOWO-IRA/SHANGISHA/MAGODO PHASE I & II,SOCIAL ROAD OPP COUNCIL CRESCENT JUNC.,24931412,24_13_07_119_crop,24_13_07_119_24931412.png,77.0,56.0,56.0,16.0,1.0,38.0,0.0,56.0,,,,
24/02/07/080,LAGOS,AJEROMI/IFELODUN,OJO ROAD,"13, ADELEYE STREET",24933424,24_02_07_080_crop,24_02_07_080_24933424.png,148.0,95.0,95.0,73.0,1.0,6.0,0.0,83.0,,,,
24/03/09/058,LAGOS,ALIMOSHO,AYOBO/IJON VILLAGE (CAMP DAVID),"OPEN SPACE AT POULTRY OYINBO KOLOBA, BADA",24935548,24_03_09_058_crop,24_03_09_058_24935548.png,231.0,126.0,126.0,52.0,5.0,56.0,1.0,114.0,0.0,1.0,1.0,1
24/02/10/069,LAGOS,AJEROMI/IFELODUN,MOSAFEJO,"OLADIPO PLANK MARKET, 7B LINE ONE",24933789,vm_24_02_10_069_crop,24_02_10_069_24933789.png,81.0,33.0,33.0,22.0,1.0,0.0,0.0,31.0,,,,
24/02/03/030,LAGOS,AJEROMI/IFELODUN,WILMER,"16, BOLAJI OLORO STREET",24933755,24_02_03_030_crop,24_02_03_030_24933755.png,634.0,160.0,160.0,24.0,3.0,123.0,5.0,160.0,,,,
25/05/02/007,NASARAWA,KEANA,AMIRI,KOFAN CHIATA VILLAGE - OP,24943526,25_05_02_007_crop,25_05_02_007_24943526.png,857.0,78.0,78.0,100.0,30.0,6.0,1.0,137.0,,,,
25/03/09/001,NASARAWA,DOMA,UNGWAN DAN GALADIMA,KOFAR ALHAJI J.LIMAN OP,24944231,25_03_09_001_crop,25_03_09_001_24944231.png,1114.0,307.0,307.0,73.0,198.0,15.0,7.0,297.0,,,,
25/02/09/015,NASARAWA,AWE,WUSE,"KOFAR SARDAUNAN RUWAN, WUSE  O/S",24943399,25_02_09_015_crop,25_02_09_015_24943399.png,58.0,41.0,41.0,11.0,24.0,0.0,4.0,41.0,,,,
25/10/10/008,NASARAWA,NASARAWA EGGON,ENDE,ANGWAN TOFA WULKO Central Square,24944590,25_10_10_008_crop,25_10_10_008_24944590.png,537.0,203.0,203.0,16.0,9.0,84.0,1.0,125.0,,,,
25/11/05/036,NASARAWA,OBI,DUDUGURU,ITSI - ZHEMODU ANGWAN MAKAMA P/S,24944782,25_11_05_036_crop,25_11_05_036_24944782.png,750.0,218.0,218.0,0.0,0.0,0.0,0.0,,1.0,0.0,1.0,0
25/11/02/008,NASARAWA,OBI,DEDDERE/RIRI,UNG.SARKIN MADA/PUBLIC SQUARE,24944743,25_11_02_008_crop,25_11_02_008_24944743.png,942.0,240.0,240.0,55.0,149.0,13.0,11.0,238.0,,,,
25/10/12/011,NASARAWA,NASARAWA EGGON,ALOCE/GINDA,ALUSHI AKPUAKLA Village Center OP,24944507,25_10_12_011_crop,25_10_12_011_24944507.png,130.0,0.0,,3.0,14.0,71.0,1.0,89.0,,,,
25/04/11/136,NASARAWA,KARU,KARU,ANGWAN GBAGYI MARARABA,24943914,25_04_11_136_crop,25_04_11_136_24943914.png,750.0,119.0,119.0,35.0,14.0,55.0,4.0,108.0,,,,
25/08/07/082,NASARAWA,LAFIA,CHIROMA,K/BABAN ADAMU,24942129,25_08_07_082_crop,25_08_07_082_24942129.png,80.0,54.0,54.0,40.0,12.0,1.0,0.0,54.0,,,,
26/01/02/014,NIGER,AGAIE,BOKU,SHABA ISAH PRIMARY SCHOOL,24949501,26_01_02_014_crop,26_01_02_014_24949501.png,128.0,100.0,100.0,55.0,38.0,0.0,1.0,95.0,1.0,1.0,1.0,0
26/06/05/036,NIGER,CHANCHAGA,MINNA SOUTH,U-TURN BARIKIN SALE OPEN SPACE,24949228,26_06_05_036_crop,26_06_05_036_24949228.png,563.0,182.0,182.0,60.0,68.0,32.0,13.0,181.0,,,,
26/19/02/001,NIGER,PAIKORO,CHIMBI,UNG. SARKI CHIMBI,24953050,26_19_02_001_crop,26_19_02_001_24953050.png,709.0,205.0,205.0,59.0,59.0,74.0,3.0,202.0,,,,
26/12/05/006,NIGER,LAPAI,GULU/ANGUWA VATSA,ZABBO PRIMARY SCHOOL,24951004,26_12_05_006_crop,26_12_05_006_24951004.png,868.0,205.0,205.0,134.0,68.0,0.0,0.0,203.0,,,,
26/14/08/001,NIGER,MAGAMA,IBELU NORTH,ZOMA,24950437,26_14_08_001_crop,26_14_08_001_24950437.png,436.0,23.0,23.0,11.0,12.0,0.0,0.0,23.0,0.0,1.0,1.0,1
26/11/07/003,NIGER,KONTAGORA,MADARA,KWANGWARA,24953789,26_11_07_003_crop,26_11_07_003_24953789.png,1475.0,369.0,369.0,164.0,69.0,43.0,57.0,351.0,,,,
26/21/06/013,NIGER,RIJAU,RIJAU,UNG. NA-ALLAH,24952784,26_21_06_013_crop,26_21_06_013_24952784.png,780.0,210.0,210.0,109.0,90.0,0.0,3.0,208.0,,,,
26/04/07/003,NIGER,BORGU,KABE/PISSA,SAKON BARA,24952351,26_04_07_003_crop,26_04_07_003_24952351.png,750.0,237.0,237.0,133.0,55.0,28.0,2.0,221.0,,,,
26/23/09/014,NIGER,SULEJA,MAJE NORTH,BAKIN IKU,24951479,26_23_09_014_crop,26_23_09_014_24951479.png,1311.0,382.0,382.0,147.0,137.0,57.0,28.0,375.0,,,,
26/14/09/008,NIGER,MAGAMA,IBELU WEST,IPANA,24950510,vm_26_14_09_008_crop,26_14_09_008_24950510.png,527.0,301.0,301.0,206.0,37.0,0.0,43.0,301.0,,,,
27/03/09/016,OGUN,ADO ODO-OTA,ADO ODO  I,L.G SCHOOL IDI OGEDE,24959454,27_03_09_016_crop,27_03_09_016_24959454.png,229.0,94.0,94.0,74.0,15.0,2.0,0.0,91.0,1.0,0.0,1.0,0
27/01/05/015,OGUN,ABEOKUTA NORTH,ILUGUN/IBEREKODO,ANLG SCHOOL AKOMOJE I,24956286,27_01_05_015_crop,27_01_05_015_24956286.png,803.0,129.0,129.0,93.0,17.0,8.0,0.0,127.0,,,,
27/07/09/002,OGUN,IFO,SUNREN,SCHOOL PREM APODE,24957049,27_07_09_002_crop,27_07_09_002_24957049.png,429.0,58.0,58.0,24.0,23.0,1.0,0.0,53.0,,,,
27/12/01/001,OGUN,IKENNE,IKENNE  I,"CUSTOMARY COURT , IKENNE",24957705,27_12_01_001_crop,27_12_01_001_24957705.png,750.0,117.0,117.0,60.0,28.0,2.0,0.0,115.0,,,,
27/03/03/068,OGUN,ADO ODO-OTA,OTA III,LG SCHOOL III OTA,24959730,27_03_03_068_crop,27_03_03_068_24959730.png,107.0,45.0,45.0,14.0,0.0,20.0,0.0,36.0,,,,
27/13/03/006,OGUN,IMEKO/AFON,IDOFA,NEAR MARKET SQUARE MIOFESU,24957667,27_13_03_006_crop,27_13_03_006_24957667.png,448.0,104.0,104.0,59.0,42.0,0.0,0.0,104.0,,,,
27/16/08/008,OGUN,ODEDA,ALABATA,O.L.G. PRY SCH ALABATA   II,24960272,27_16_08_008_crop,27_16_08_008_24960272.png,121.0,55.0,55.0,42.0,9.0,1.0,0.0,53.0,,,,
27/19/09/008,OGUN,REMO NORTH,ODE  I,OPEN SPACE FRONT MATERNITY CENTRE  II,24959898,27_19_09_008_crop,27_19_09_008_24959898.png,416.0,91.0,91.0,52.0,27.0,10.0,0.0,90.0,,,,
27/20/14/006,OGUN,SAGAMU,AGBOWA,OPEN SPACE AT KAJOLA ST. UPPER,24960802,27_20_14_006_crop,27_20_14_006_24960802.png,900.0,186.0,186.0,37.0,37.0,3.0,0.0,82.0,,,,
28/17/08/012,ONDO,OSE,IKARO/ELEGBEKA,"OSOMALO CAMP, AT OSOMALO CAMP",24967807,28_17_08_012_crop,28_17_08_012_24967807.png,310.0,55.0,55.0,43.0,4.0,0.0,0.0,49.0,,,,
28/15/01/010,ONDO,ONDO EAST,ATERU/OTASAN/IGBA,"OPEN SPACE AT SABO, IGBA",24966801,28_15_01_010_crop,28_15_01_010_24966801.png,133.0,77.0,77.0,62.0,0.0,8.0,0.0,72.0,,,,
28/14/07/012,ONDO,OKITIPUPA,ILUTITUN 1,"IGO ADUWO/OMONIYI, NEAR OLOTOS HOUSE ILUTITUN",24966137,28_14_07_012_crop,28_14_07_012_24966137.png,369.0,216.0,216.0,75.0,32.0,7.0,0.0,116.0,0.0,1.0,1.0,1
28/10/03/011,ONDO,ILAJE,MAHIN 1,"LEGBORO, NEAR PA SAMS HOUSE LEGBORO",24967743,28_10_03_011_crop,28_10_03_011_24967743.png,176.0,19.0,19.0,10.0,9.0,0.0,0.0,19.0,,,,
28/06/11/001,ONDO,AKURE SOUTH,OWODE/IMUAGUN,OBA ODESIDA ROAD - 105 OBA ADESIDA ROAD,24965447,28_06_11_001_crop,28_06_11_001_24965447.png,680.0,148.0,148.0,78.0,22.0,37.0,0.0,141.0,,,,
28/01/04/015,ONDO,AKOKO NORTH EAST,IKADO II,NEW ESHE MURI OGUN-MODEDE LANE JUNCTION,24965549,28_01_04_015_crop,28_01_04_015_24965549.png,155.0,130.0,130.0,111.0,7.0,7.0,0.0,129.0,,,,
28/12/04/008,ONDO,IRELE,AKOTOGBO 11,"ERIGBENLESE VILLAGE, AT ERIGBENLESE VILLAGE",24966762,28_12_04_008_crop,28_12_04_008_24966762.png,462.0,35.0,35.0,27.0,8.0,0.0,0.0,35.0,1.0,1.0,1.0,0
28/16/11/027,ONDO,ONDO WEST,OKELISA OKEDOKO/OGBODU,OPEN SPACE INFRONT OF GOLDEN TOUCH,24968286,28_16_11_027_crop,28_16_11_027_24968286.png,147.0,78.0,78.0,53.0,14.0,5.0,0.0,75.0,,,,
28/05/07/003,ONDO,AKURE NORTH,ISIMIJA/IRADO,"ABA OSOLO, AT OSOLOS HOUSE",24967103,28_05_07_003_crop,28_05_07_003_24967103.png,469.0,128.0,128.0,93.0,32.0,2.0,0.0,128.0,1.0,1.0,1.0,0
29/11/10/002,OSUN,IFE CENTRAL,AKARABATA,AKARABATA LINE  II,24972005,29_11_10_002_crop,29_11_10_002_24972005.png,665.0,151.0,151.0,80.0,47.0,17.0,1.0,151.0,,,,
29/02/08/003,OSUN,ATAKUMOSA WEST,ISA OBI,RISAWE VILLAGE,24970576,29_02_08_003_crop,29_02_08_003_24970576.png,628.0,236.0,236.0,119.0,108.0,6.0,0.0,236.0,,,,
29/28/03/011,OSUN,ORIADE,IJEBU-JESA,"ERUNKUNIPE HALL, IJEBU-JESA",24971611,29_28_03_011_crop,29_28_03_011_24971611.png,534.0,274.0,274.0,,,,,,0.0,1.0,1.0,1
29/30/07/013,OSUN,OSOGBO,ALAGBA,IYA DUDU COMPOUND,24969118,29_30_07_013_crop,29_30_07_013_24969118.png,423.0,153.0,153.0,102.0,48.0,1.0,0.0,153.0,1.0,1.0,1.0,0
29/11/07/023,OSUN,IFE CENTRAL,IREMO III,OPEN SPACE NEW CAR PARK OJA TUNTUN,24971905,29_11_07_023_crop,29_11_07_023_24971905.png,76.0,58.0,58.0,36.0,16.0,4.0,0.0,58.0,,,,
29/08/01/003,OSUN,EDE SOUTH,BABANLA/AGATE,"BABANLA SQUARE, EDE",24968970,29_08_01_003_crop,29_08_01_003_24968970.png,782.0,361.0,361.0,90.0,245.0,6.0,0.0,343.0,,,,
29/06/04/010,OSUN,BORIPE,ISALE-OYO,"OPEN SPACE, UNDER TREE AT OJUDE OKE, IRAGBIJI",24968786,29_06_04_010_crop,29_06_04_010_24968786.png,125.0,90.0,90.0,51.0,33.0,0.0,0.0,84.0,,,,
29/21/08/007,OSUN,IREWOLE,IKIRE 'H',"ISLAMIHAL PRY. SCHOOL, OGUNYEMI AREA",24970947,29_21_08_007_crop,29_21_08_007_24970947.png,997.0,418.0,418.0,197.0,174.0,13.0,1.0,403.0,,,,
29/06/09/006,OSUN,BORIPE,ISALE ASA IREE,"BAPTIST HIGH SCHOOL II, IREE",24968828,29_06_09_006_crop,29_06_09_006_24968828.png,936.0,201.0,201.0,0.0,0.0,0.0,0.0,,,,,
29/13/01/015,OSUN,IFE EAST,MOORE,"L.A PRY SCH, AFEKI VILLAGE, OPA.",24970023,29_13_01_015_crop,29_13_01_015_24970023.png,191.0,144.0,144.0,60.0,49.0,25.0,0.0,142.0,,,,
30/12/05/014,OYO,IBARAPA EAST,NEW ERUWA,SCHOOL FOR THE DEAF,24975060,30_12_05_014_crop,30_12_05_014_24975060.png,126.0,58.0,58.0,38.0,7.0,6.0,0.0,55.0,,,,
30/10/05/011,OYO,IBADAN SOUTH WEST,WARD 5 SW4,OPEN SPACE EBO OLOBI I,24977396,30_10_05_011_crop,30_10_05_011_24977396.png,259.0,66.0,66.0,32.0,27.0,0.0,0.0,,,,,
30/09/11/020,OYO,IBADAN SOUTH-EAST,S 7A,NEAR MOLA HOSPITAL II,24973911,30_09_11_020_crop,30_09_11_020_24973911.png,668.0,119.0,119.0,84.0,23.0,4.0,0.0,118.0,,,,
30/31/07/008,OYO,SAKI EAST,OJE OWODE II,"BAALE AYETO, OJE OWODE",24973534,30_31_07_008_crop,30_31_07_008_24973534.png,379.0,149.0,149.0,46.0,66.0,12.0,11.0,146.0,,,,
30/22/04/033,OYO,OGBOMOSO SOUTH,IBAPON,"POLICE PRY SCHOOL,ISALE HIGH SCHOOL",24974613,30_22_04_033_crop,30_22_04_033_24974613.png,83.0,45.0,45.0,10.0,9.0,15.0,0.0,38.0,,,,
30/09/07/023,OYO,IBADAN SOUTH-EAST,S 4B,"ENTRANCE I.M.G. SCHOOL, OLUBADAN",24973695,30_09_07_023_crop,30_09_07_023_24973695.png,251.0,57.0,57.0,,,,,,,,,
30/31/07/007,OYO,SAKI EAST,OJE OWODE II,"ODE OLALEYE, OJE OWODE",24973540,30_31_07_007_crop,30_31_07_007_24973540.png,722.0,258.0,258.0,160.0,73.0,13.0,0.0,252.0,,,,
30/21/08/007,OYO,OGBOMOSO NORTH,OKELERIN,OJUDE OBAMOO OKE,24976607,30_21_08_007_rotate_failure,30_21_08_007_24976607.png,656.0,216.0,216.0,,,,,,,,,
30/05/06/027,OYO,EGBEDA,OLODO II,"OPEN SPACE AJEGUNLOLA STREET, IWO ROAD",24975718,30_05_06_027_crop,30_05_06_027_24975718.png,8.0,0.0,0.0,0.0,0.0,0.0,0.0,0.0,,,,
31/07/02/029,PLATEAU,KANAM,DENGI,UNGUWAN MADAKI,24980064,31_07_02_029_crop,31_07_02_029_24980064.png,287.0,193.0,193.0,167.0,3.0,15.0,0.0,186.0,,,,
31/17/09/003,PLATEAU,WASE,NYALUM/KAMPANI,BUNYUN,24982847,31_17_09_003_crop,31_17_09_003_24982847.png,888.0,350.0,350.0,2.0,1.0,0.0,0.0,8.0,,,,
31/07/07/017,PLATEAU,KANAM,GWAMLAR,"KAKYAM ""B""",24979996,31_07_07_017_crop,31_07_07_017_24979996.png,105.0,86.0,86.0,,,,,,,,,
31/06/06/012,PLATEAU,JOS SOUTH,KURU 'A',KUNTE,24978819,31_06_06_012_crop,31_06_06_012_24978819.png,425.0,277.0,277.0,14.0,34.0,226.0,2.0,277.0,,,,
31/05/04/040,PLATEAU,JOS NORTH,GANGARE,KOFAR KATAGUM I,24981922,31_05_04_040_crop,31_05_04_040_24981922.png,20.0,9.0,9.0,2.0,7.0,0.0,0.0,9.0,,,,
31/13/03/024,PLATEAU,PANKSHIN,FIER,KWATIN-MIER,24980722,31_13_03_024_crop,31_13_03_024_24980722.png,158.0,125.0,125.0,7.0,49.0,62.0,0.0,123.0,,,,
31/02/12/016,PLATEAU,BASSA,RIMI,REMA UDI'IZI,24981161,31_02_12_016_crop,31_02_12_016_24981161.png,189.0,71.0,71.0,35.0,94.0,11.0,0.0,,,,,
31/05/10/176,PLATEAU,JOS NORTH,NARAGUTA 'B',SHILO LODGE RUSSAU VILLAGE,24982064,31_05_10_176_crop,31_05_10_176_24982064.png,107.0,61.0,61.0,0.0,3.0,56.0,1.0,60.0,,,,
31/13/12/014,PLATEAU,PANKSHIN,WOKKOS,KA'AP,24980647,31_13_12_014_crop,31_13_12_014_24980647.png,131.0,106.0,106.0,76.0,2.0,27.0,0.0,105.0,,,,
31/09/11/009,PLATEAU,LANGTANG NORTH,PIL GANI,HILTOP,24979929,31_09_11_009_crop,31_09_11_009_24979929.png,124.0,105.0,105.0,5.0,6.0,88.0,0.0,104.0,,,,
32/07/04/003,RIVERS,BONNY,NEW LAYOUT,SHELL GATE,24984666,32_07_04_003_crop,32_07_04_003_24984666.png,1619.0,388.0,388.0,13.0,31.0,323.0,4.0,380.0,,,,
32/15/16/061,RIVERS,OBIO/AKPOR,OZUOBA/OGBOGORO,OBIRI KPASOME OZUOBA,24987114,32_15_16_061_crop,32_15_16_061_24987114.png,5.0,1.0,1.0,28.0,10.0,113.0,0.0,,,,,
32/21/08/001,RIVERS,OYIGBO,OYIGBO WEST,PRIMARY SCHOOL HALL OYIGBO WEST,24988199,32_21_08_001_crop,32_21_08_001_24988199.png,1181.0,0.0,0.0,4.0,2.0,240.0,0.0,255.0,,,,
32/23/08/005,RIVERS,TAI,OYIGBO WEST,SIME OPEN SPACE,24987187,32_23_08_005_crop,32_23_08_005_24987187.png,939.0,0.0,0.0,171.0,3.0,2.0,0.0,178.0,,,,
32/02/08/001,RIVERS,AHOADA EAST,UPPATA  IV,TOWN HALL OKPOROWO,24987326,32_02_08_001_crop,32_02_08_001_24987326.png,379.0,66.0,66.0,22.0,19.0,14.0,0.0,59.0,,,,
32/15/07/063,RIVERS,OBIO/AKPOR,RUMUOKORO,AWALAM PLAY GROUND AWALAM RUMUOKORO,24986333,32_15_07_063_crop,32_15_07_063_24986333.png,49.0,0.0,,0.0,0.0,30.0,0.0,30.0,,,,
32/06/05/003,RIVERS,ASARI-TORU,BUGUMA  SOUTH  WEST,"WARMATE, JAMES/ALAFA-AGEORGE",24983851,32_06_05_003_crop,32_06_05_003_24983851.png,244.0,0.0,,,,,,,,,,
32/07/03/008,RIVERS,BONNY,OROSIRIRI,BISHOP BARA-  HART OPEN SQUARE,24984678,32_07_03_008_crop,32_07_03_008_24984678.png,51.0,23.0,23.0,8.0,3.0,12.0,0.0,23.0,,,,
32/14/14/007,RIVERS,KHANA,UEGWERE,C.P.S. II UEGWERE,24985541,32_14_14_007_crop,32_14_14_007_24985541.png,642.0,123.0,123.0,,,,,,,,,
32/15/09/008,RIVERS,OBIO/AKPOR,RUMUEME (7A),MGBUIKE I TOWN HALL,24986370,32_15_09_008_crop,32_15_09_008_24986370.png,2743.0,178.0,178.0,170.0,1.0,3.0,0.0,174.0,,,,
33/04/07/005,SOKOTO,GADA,DUKAMAJE/ILAH,GIDAN BAKO,24997611,33_04_07_005_crop,33_04_07_005_24997611.png,734.0,39.0,39.0,90.0,16.0,0.0,0.0,106.0,,,,
33/09/02/020,SOKOTO,ISA,ISA SOUTH,YAR BARZA,24996240,33_09_02_020_crop,33_09_02_020_24996240.png,106.0,82.0,82.0,37.0,44.0,0.0,0.0,81.0,,,,
33/20/06/008,SOKOTO,TURETA,LAMBAR TURETA,LAMBAR TURETA - G.S.S TURETA,24999164,33_20_06_008_crop,33_20_06_008_24999164.png,750.0,292.0,292.0,72.0,191.0,0.0,0.0,265.0,,,,
33/13/06/018,SOKOTO,S/BIRNI,GATAWA,GYANGYADI,24996699,33_13_06_018_crop,33_13_06_018_24996699.png,489.0,38.0,38.0,28.0,8.0,0.0,0.0,36.0,,,,
33/14/10/009,SOKOTO,SHAGARI,MANDERA,DARHAMAN,24996675,33_14_10_009_crop,33_14_10_009_24996675.png,448.0,147.0,147.0,,,,,,,,,
33/13/07/013,SOKOTO,S/BIRNI,KURAWA,KUZARI,24996714,33_13_07_013_crop,33_13_07_013_24996714.png,440.0,97.0,97.0,66.0,50.0,0.0,0.0,116.0,,,,
33/22/01/006,SOKOTO,WURNO,MARAFA,SIFAWA PRY SCH,24996457,33_22_01_006_crop,33_22_01_006_24996457.png,750.0,247.0,247.0,122.0,117.0,0.0,0.0,243.0,0.0,1.0,1.0,1
33/08/10/003,SOKOTO,ILLELA,TOZAI,"TOZAI BAYAN DUTSI, MAKARANTA",24996178,33_08_10_003_crop,33_08_10_003_24996178.png,563.0,150.0,150.0,0.0,0.0,0.0,0.0,,1.0,0.0,1.0,1
33/21/08/009,SOKOTO,WAMAKKO,DUNDAYE/GUMBURAWA,KANEN TURU HAUSAWA,24997881,33_21_08_009_crop,33_21_08_009_24997881.png,573.0,253.0,253.0,113.0,134.0,0.0,0.0,248.0,1.0,1.0,1.0,0
34/16/01/004,TARABA,ZING,BITAKO,"DANSA, DANSA",25002149,34_16_01_004_crop,34_16_01_004_25002149.png,580.0,195.0,195.0,53.0,128.0,10.0,1.0,190.0,,,,
34/09/04/019,TARABA,KURMI,BAISSA,SARKIN NOMA OPEN SPACE,25000079,34_09_04_019_crop,34_09_04_019_25000079.png,131.0,87.0,87.0,0.0,21.0,1.0,0.0,22.0,,,,
34/04/10/025,TARABA,GASHAKA,SERTI 'B',IKRA BORE HOLE,25001760,34_04_10_025_crop,34_04_10_025_25001760.png,101.0,66.0,66.0,39.0,20.0,0.0,3.0,65.0,,,,
34/07/01/002,TARABA,JALINGO,ABBARE YELWA,"JAURO NOGHAU, JAURO NOGHAU",25000208,34_07_01_002_crop,34_07_01_002_25000208.png,762.0,236.0,236.0,4.0,125.0,102.0,0.0,233.0,,,,
34/07/03/008,TARABA,JALINGO,KACHALLA SEMBE,"SABON GARI PRIMARY SCHOOL, SABON GARI PRIMARY SCHOOL",25000456,34_07_03_008_crop,34_07_03_008_25000456.png,3749.0,188.0,188.0,61.0,143.0,364.0,7.0,576.0,,,,
34/05/05/017,TARABA,GASSOL,NAM NAI,KAWARI K/MAIGARI,25001511,34_05_05_017_crop,34_05_05_017_25001511.png,772.0,268.0,268.0,85.0,160.0,2.0,4.0,251.0,,,,
34/09/04/017,TARABA,KURMI,BAISSA,GIDAN MALLAM DISPENSARY,25000061,34_09_04_017_crop,34_09_04_017_25000061.png,750.0,82.0,82.0,17.0,14.0,35.0,0.0,66.0,,,,
34/03/04/009,TARABA,DONGA,GAYAMA,"NUKPO, K/SARKIN NUKPO",25001937,34_03_04_009_crop,34_03_04_009_25001937.png,694.0,92.0,92.0,69.0,0.0,11.0,0.0,93.0,,,,
34/05/04/026,TARABA,GASSOL,MUTUM BIYU II,ALHASSAN III,25001541,34_05_04_026_crop,34_05_04_026_25001541.png,342.0,118.0,118.0,16.0,65.0,6.0,26.0,115.0,,,,
35/05/13/005,YOBE,FUNE,MASHIO,BULAMA MADORE K/BULAMA 'I',25010155,35_05_13_005_crop,35_05_13_005_25010155.png,750.0,276.0,276.0,98.0,157.0,0.0,0.0,258.0,1.0,1.0,1.0,0
35/09/03/011,YOBE,JAKUSKO,GIDGID / BAYAM,LAMIDO MAIGARI KOLEWA/RIJIYA LAMIDO,25008996,35_09_03_011_crop,35_09_03_011_25008996.png,283.0,59.0,59.0,0.0,0.0,0.0,0.0,,1.0,0.0,1.0,1
35/06/07/013,YOBE,GEIDAM,HAUSARI,MOHAMMED BABIN/ KAFELA PRI. SCH. / KAFELA PRI. SCH. II,25008497,35_06_07_013_crop,35_06_07_013_25008497.png,750.0,144.0,144.0,0.0,0.0,0.0,0.0,0.0,0.0,0.0,0.0,0
35/06/08/006,YOBE,GEIDAM,KAWURI,"KUWA YINDI, BULAMA'S  GATE",25008435,35_06_08_006_crop,35_06_08_006_25008435.png,442.0,67.0,67.0,35.0,22.0,0.0,2.0,,,,,
35/01/09/007,YOBE,BADE,USUR/DAWAYO,AZAM KURA B. GATE I,25008659,35_01_09_007_crop,35_01_09_007_25008659.png,750.0,216.0,216.0,87.0,44.0,0.0,65.0,201.0,,,,
35/06/07/009,YOBE,GEIDAM,HAUSARI,"MODU TELA, / G.S.S GEIDAM  / G.S.S. GEIDAM",25008464,35_06_07_009_crop,35_06_07_009_25008464.png,1882.0,197.0,197.0,,,,,,,,,
35/01/05/023,YOBE,BADE,LAWAN FANNAMI,YAU GARA III,25008702,35_01_05_023_crop,35_01_05_023_25008702.png,34.0,13.0,13.0,0.0,0.0,0.0,0.0,,,,,
35/14/01/009,YOBE,POTISKUM,BARE-BARE/BAUYA/LALAI DUMBULWA,KILA KWATA OPEN SPACE,25009206,35_14_01_009_crop,35_14_01_009_25009206.png,750.0,233.0,233.0,55.0,155.0,0.0,11.0,221.0,,,,
35/05/11/002,YOBE,FUNE,KAYERI,"AMAR CHIYA,  PRI. SCH.",25010293,35_05_11_002_crop,35_05_11_002_25010293.png,504.0,130.0,130.0,,,,,,,,,
36/08/08/006,ZAMFARA,KAURA NAMODA,KYAM BARAWA,KOFAR YA / SHIYAR AUDU NASIFU,25011523,36_08_08_006_crop,36_08_08_006_25011523.png,993.0,200.0,200.0,116.0,81.0,0.0,0.0,197.0,,,,
36/12/09/023,ZAMFARA,TALATA MAFARA,SHIYAR GALADIMA,TUNGAR LADA  /  BAKIN MASALLACHI,25013065,36_12_09_023_crop,36_12_09_023_25013065.png,561.0,239.0,239.0,214.0,15.0,0.0,0.0,230.0,1.0,1.0,1.0,0
36/09/01/017,ZAMFARA,MARADUN,BIRNIN KAYA / DOSARA,DANBAZA II/DANBAZA  DISPENSARY,25011805,36_09_01_017_crop,36_09_01_017_25011805.png,106.0,85.0,85.0,49.0,25.0,0.0,7.0,81.0,,,,
36/14/06/015,ZAMFARA,ZURMI,KWASHBAWA,MAGAJIN GURBI /  DAN HILI,25012474,36_14_06_015_crop,36_14_06_015_25012474.png,734.0,164.0,164.0,104.0,35.0,0.0,3.0,144.0,,,,
36/05/07/009,ZAMFARA,BUNGUDU,KWATARKWASHI,GAMRAKI    /  B/OFISHIN MAGAJI,25013464,36_05_07_009_crop,36_05_07_009_25013464.png,525.0,167.0,167.0,71.0,83.0,0.0,0.0,160.0,,,,
36/14/08/023,ZAMFARA,ZURMI,KUTURU/MAYASA,KUTURU II/MPS,25012450,36_14_08_023_crop,36_14_08_023_25012450.png,386.0,100.0,100.0,50.0,45.0,0.0,0.0,96.0,0.0,1.0,1.0,1
36/13/08/011,ZAMFARA,TSAFE,TSAFE,DISPENSARY / ASIBITIN KUTARE,25012721,36_13_08_011_crop,36_13_08_011_25012721.png,1295.0,353.0,353.0,86.0,193.0,0.0,1.0,302.0,0.0,0.0,1.0,0
36/07/01/041,ZAMFARA,GUSAU,GALADIMA,MAL. KARFE  II  /  GARKAR MALLAM KARFE,25012024,36_07_01_041_crop,36_07_01_041_25012024.png,946.0,0.0,,53.0,139.0,0.0,2.0,194.0,,,,
36/07/09/011,ZAMFARA,GUSAU,TUDUN WADA,GIDAN TUDU I / GARKAR TUDU,25012151,36_07_09_011_crop,36_07_09_011_25012151.png,750.0,130.0,130.0,25.0,96.0,2.0,0.0,127.0,,,,
37/04/09/006,FCT,KUJE,KUJEKWA,GBANBO PRI SCHOOL,25016772,37_04_09_006_crop,37_04_09_006_25016772.png,1.0,0.0,0.0,0.0,0.0,0.0,0.0,0.0,,,,
37/06/11/029,FCT,MUNICIPAL,NYANYA,AREA A III / BY SECOND ROAD JUNCTION,25015637,37_06_11_029_crop,37_06_11_029_25015637.png,447.0,156.0,156.0,21.0,7.0,116.0,0.0,149.0,,,,
37/02/09/040,FCT,BWARI,KUBWA,NYSC CAMP PREMISES OPEN SPACE,25016103,37_02_09_040_crop,37_02_09_040_25016103.png,750.0,416.0,416.0,21.0,5.0,384.0,0.0,412.0,,,,
37/06/07/044,FCT,MUNICIPAL,GUI,NWAREGE VILLAGE,25014653,37_06_07_044_crop,37_06_07_044_25014653.png,57.0,41.0,41.0,2.0,4.0,34.0,0.0,41.0,,,,
37/01/10/004,FCT,ABAJI,GAWU,MAWOGI/MAWOGI PRIMARY SCHOOL I,25015877,37_01_10_004_crop,37_01_10_004_25015877.png,750.0,131.0,131.0,108.0,18.0,5.0,0.0,131.0,,,,
37/02/09/010,FCT,BWARI,KUBWA,DAIDAI SABO/SABON  DAIDAI VILLAGE,25016137,37_02_09_010_crop,37_02_09_010_25016137.png,1711.0,481.0,481.0,68.0,43.0,351.0,7.0,475.0,1.0,1.0,1.0,0
37/02/01/026,FCT,BWARI,BWARI CENTRAL,AREA 1 OPP. CATHOLIC HOSPITAL BWARI II,25015983,37_02_01_026_crop,37_02_01_026_25015983.png,66.0,47.0,47.0,1.0,4.0,42.0,0.0,47.0,,,,
37/02/01/035,FCT,BWARI,BWARI CENTRAL,NEW MKT EXT. BY SCC ROAD,25015931,37_02_01_035_crop,37_02_01_035_25015931.png,380.0,188.0,188.0,13.0,14.0,151.0,0.0,185.0,,,,
37/06/01/138,FCT,MUNICIPAL,CITY CENTRE,3.INFRONT OF ARMY COMMAND AND NAOWA HOSPITAL III,25014480,37_06_01_138_crop,37_06_01_138_25014480.png,80.0,35.0,35.0,24.0,4.0,102.0,0.0,132.0,,,,
37/06/04/054,FCT,MUNICIPAL,WUSE,BECHAR STREET JUNC. OPP. PRI. SCH.,25015219,37_06_04_054_crop,37_06_04_054_25015219.png,457.0,107.0,107.0,33.0,22.0,47.0,5.0,107.0,,,,
